post_id,label
1534,M
13860,G
104357,H
109396,E
6878,G
15341,H
5806,H
195411,P
181002,H
110707,E
21449,H
8322,S
78276,T
139563,H
61370,S
89182,T
2007,H
194545,G
250,B
61379,H
102879,T
88990,T
129644,H
12784,H
187,H
185597,S
5999,H
191438,T
97097,E
111661,B
10561,S
190163,B
10344,T
15510,E
3436,H
4595,S
6291,S
24904,T
192113,B
21242,T
11239,S
183866,T
111261,T
194767,H
13388,H
9813,B
93061,T
15611,S
12798,T
15339,H
10952,H
87576,E
5062,B
39469,S
11802,H
59754,H
108447,T
3420,H
3479,T
107279,B
133979,H
186301,B
164460,R
41218,S
8603,G
8573,R
194101,G
9007,P
11157,H
187697,E
187289,H
98633,M
194473,E
3511,S
10915,E
183352,H
1506,H
4565,B
187961,E
118297,G
12449,B
1860,P
8759,T
116544,S
8541,H
3707,B
11847,B
92381,T
72924,S
16521,H
101401,S
14049,H
14360,H
88528,H
86555,H
531,H
13580,T
34336,H
32409,E
3493,H
6207,T
182832,B
184842,T
11088,B
15428,B
197502,T
335,H
187778,B
13603,E
3375,P
2908,B
691,H
190979,T
17753,G
9320,H
8524,T
187000,T
7610,P
7642,S
194107,T
183335,H
189200,G
9468,H
197657,H
169844,B
193824,S
61510,H
130702,H
96352,E
2479,S
9254,G
2926,G
124052,T
68694,H
92311,S
9467,G
5868,H
4561,S
11461,S
14095,H
120110,M
361,B
6043,H
177001,H
1520,H
105509,B
6395,H
8220,M
15470,H
6677,R
3277,S
99706,M
3652,H
8299,E
13143,H
6443,H
92016,E
87401,E
2526,P
89320,P
9369,H
11254,H
118294,E
15585,T
188515,M
106726,H
105853,H
74021,H
19667,S
176044,B
183344,P
12002,H
1884,H
14804,S
9494,G
8686,T
2639,H
6163,S
6892,B
10757,H
9735,H
194791,B
6045,S
184484,B
13197,H
4163,B
99614,M
147213,B
11730,H
9613,G
12717,G
197304,T
61284,H
25569,H
92923,E
118978,T
92527,T
14589,E
8578,H
10668,H
1052,S
115030,H
116438,M
111398,E
171668,H
10653,H
3125,G
9188,H
15121,G
5895,H
9011,H
11614,P
14990,B
171533,B
197417,G
3351,S
85047,B
180998,B
101550,T
111561,R
10507,R
97485,H
14734,H
91986,H
101077,S
2563,H
13649,R
14907,E
13310,G
188691,H
8755,T
262,B
10373,B
88035,G
91407,R
10502,H
4259,H
14262,B
92175,T
194693,G
16511,H
115264,H
118298,B
3011,H
124461,S
8492,H
14859,B
119852,E
107565,P
108321,B
96661,B
266,S
17995,S
87186,T
3368,S
191698,E
164176,P
2734,T
938,S
98424,T
8950,T
88184,E
183351,M
107071,B
183464,B
185645,E
90331,H
71580,T
99130,H
100265,T
94588,S
110039,G
7848,P
14562,H
1308,H
10956,T
14586,H
41251,H
85543,H
86726,S
126654,G
9568,B
111558,H
32772,G
118290,H
2179,S
4783,G
111239,E
97497,H
10044,G
224,B
14679,H
10002,G
4162,S
12247,B
2689,B
3937,H
1767,H
175226,E
103738,G
72646,H
192136,H
4945,G
88604,H
188599,R
